author_names,paper_title,year_of_publication,tags,apa_citation
"Aiken, E.|Bedoya, G.|Coville, A.|Blumenstock, J. E.",Targeting development aid with machine learning and mobile phone data: Evidence from an Anti-poverty intervention in Afghanistan,2020,machine learning|mobile phone data|anti-poverty intervention|development aid,"Aiken, E., Bedoya, G., Coville, A. & Blumenstock, J. E. (2020). Targeting development aid with machine learning and mobile phone data: Evidence from an Anti-poverty intervention in Afghanistan. In Proceedings of the 3rd acm sigcas conference on computing and sustainable societies (pp. 310–311)."
"Aiken, E.|Bellue, S.|Karlan, D.|Udry, C. R.|Blumenstock, J.",Machine learning and mobile phone data can improve the targeting of humanitarian assistance,2021,machine learning|mobile phone data|humanitarian assistance,"Aiken, E., Bellue, S., Karlan, D., Udry, C. R. & Blumenstock, J. (2021). Machine learning and mobile phone data can improve the targeting of humanitarian assistance (Tech. Rep.). Cambridge, MA: National Bureau of Economic Research."
"Alix-Garcia, J.|McIntosh, C.|Sims, K. R.|Welch, J. R.",The ecological foot- print of poverty alleviation: Evidence from Mexico’s Oportunidades program,2013,economic development|poverty alleviation|ecological footprint,"Alix-Garcia, J., McIntosh, C., Sims, K. R. & Welch, J. R. (2013). The ecological foot- print of poverty alleviation: Evidence from Mexico’s Oportunidades program. Review of Economics and Statistics, 95(2), 417–435."
"Askitas, N.|Zimmermann, K. F.",Google econometrics and unemployment forecasting,2009,Google|econometrics|unemployment|forecasting,"Askitas, N. & Zimmermann, K. F. (2009). Google econometrics and unemployment forecasting. Applied Economics Quarterly."
"Athey, S. | Bayati, M. | Doudchenko, N. | Imbens, G. | Khosravi, K.",Matrix completion methods for causal panel data models,2021,matrix completion | causal panel data models,"Athey, S., Bayati, M., Doudchenko, N., Imbens, G. & Khosravi, K. (2021). Matrix completion methods for causal panel data models. Journal of the American Statistical Association, 1–15."
"Athey, S. | Chetty, R. | Imbens, G.",Combining experimental and observational data to estimate treatment effects on long term outcomes,2020,experimental | observational | treatment effects,"Athey, S., Chetty, R., & Imbens, G. (2020). Combining experimental and observational data to estimate treatment effects on long term outcomes. arXiv preprint arXiv:2006.09676."
"Athey, S.|Imbens, G.|Wager, S.",Recursive partitioning for heterogeneous causal effects|Approximate residual balancing|,2016,causal effects|residual balancing,"Athey, S., & Imbens, G. (2016). Recursive partitioning for heterogeneous causal effects. Proceedings of the National Academy of Sciences, 113(27), 7353–7360.|Athey, S., Imbens, G. W., & Wager, S. (2018). Approximate residual balancing."
Debiased inference of average treatment effects in high dimensions,Journal of the Royal Statistical Society: Series B (Statistical Methodology),2018,high dimensions|average treatment effects|debiased inference,"80(4), 597–623"
"Athey, S. | Tibshirani, J. | Wager, S.",Generalized random forests,2019,random forests | statistics | machine learning,"Athey, S., Tibshirani, J., & Wager, S. (2019). Generalized random forests. The Annals of Statistics, 47(2), 1148–1178."
"Banerjee, A. | Chandrasekhar, A. G. | Dalpath, S. | Duflo, E. | Floretta, J. | Jackson",,0,,
M. O.|M. Shrestha,Selecting the most effective nudge: Evidence from a large-scale experiment on immunization,2021,nudge|experiment|immunization,"M. O., . . . Shrestha, M. (2021b). Selecting the most effective nudge: Evidence from a large-scale experiment on immunization (Tech. Rep.). Cambridge, MA: National Bureau of Economic Research."
"Banerjee, A.|Hanna, R.|Olken, B. A.|Satriawan, E.|Sumarto, S.",Food vs. food stamps: Evidence from an at-scale experiment in Indonesia,2021,food|food stamps,"Banerjee, A., Hanna, R., Olken, B. A., Satriawan, E., & Sumarto, S. (2021a). Food vs. food stamps: Evidence from an at-scale experiment in Indonesia (Tech. Rep.). Cambridge, MA: National Bureau of Economic Research."
"Baylé, F",Detección de villas y asentamientos informales en el partido de La Matanza mediante teledetección y sistemas de información geográfica,2016,teledetección|sistemas de información geográfica,"Baylé, F. (2016). Detección de villas y asentamientos informales en el partido de La Matanza mediante teledetección y sistemas de información geográfica (Unpublished doctoral dissertation). Universidad de Buenos Aires. Facultad de Ciencias Exactas y Naturales."
"Bedi, T.|Coudouel, A.|Simler, K.",More than a pretty picture: Using poverty maps to design better policies and interventions,2007,poverty|maps|policies|interventions,"Bedi, T., Coudouel, A. & Simler, K. (2007a). More than a pretty picture: Using poverty maps to design better policies and interventions. World Bank Publications."
"Bedi, T.|Coudouel, A.|Simler, K.",Maps for policy making: Beyond the obvious targeting applications,2007,targeting|policy making|poverty maps,"Bedi, T., Coudouel, A. & Simler, K. (2007b). Maps for policy making: Beyond the obvious targeting applications. In More than a pretty picture: Using poverty maps to design better policies and interventions (pp. 3–22). World Bank Publications."
"Belloni, A.|Chen, D.|Chernozhukov, V.|Hansen, C.",Sparse models and methods for optimal instruments with an application to eminent domain,2012,sparse models|optimal instruments|eminent domain,"Belloni, A., Chen, D., Chernozhukov, V. & Hansen, C. (2012). Sparse models and methods for optimal instruments with an application to eminent domain. Econometrica, 80(6), 2369–2429."
"Belloni, A.|Chernozhukov, V.",Least squares after model selection in high-dimensional sparse models,2013,least squares|model selection|high-dimensional sparse models,"Belloni, A., & Chernozhukov, V. (2013). Least squares after model selection in high-dimensional sparse models. Bernoulli, 19(2), 521–547."
"Belloni, A.|Chernozhukov, V.|Fernández-Val, I.|Hansen, C.",Program evaluation and causal inference with high-dimensional data,2017,program evaluation|causal inference|high-dimensional data,"Belloni, A., Chernozhukov, V., Fernández-Val, I. & Hansen, C. (2017). Program evaluation and causal inference with high-dimensional data. Econometrica, 85(1), 233–298."
"Belloni, A.|Chernozhukov, V.|Hansen, C.",High-dimensional methods and inference on structural and treatment effects,2014,high-dimensional|methods|inference|structural effects|treatment effects,"Belloni, A., Chernozhukov, V., & Hansen, C. (2014). High-dimensional methods and inference on structural and treatment effects. Journal of Economic Perspectives, 28(2), 29–50."
"Belloni, A.|Chernozhukov, V.|Hansen, C.",Inference on treatment effects after selection among high-dimensional controls,2014,high-dimensional controls|treatment effects|inference,"Belloni, A., Chernozhukov, V., & Hansen, C. (2014b). Inference on treatment effects after selection among high-dimensional controls. The Review of Economic Studies, 81(2), 608–650."
"Bennett, M. M.|Smith, L. C.","Advances in using multitemporal night- time lights satellite imagery to detect, estimate, and monitor socioeconomic dynamics",2017,socioeconomic|night- time lights|satellite imagery,"Bennett, M. M. & Smith, L. C. (2017). Advances in using multitemporal night- time lights satellite imagery to detect, estimate, and monitor socioeconomic dynamics. Remote Sensing of Environment, 192, 176–197."
"Bertrand, M.|Crépon, B.|Marguerie, A.|Premand, P.",Contemporaneous and post-program impacts of a Public Works Program,2017,Public Works Program|Impact Evaluation,"Bertrand, M., Crépon, B., Marguerie, A. & Premand, P. (2017). Contemporaneous and post-program impacts of a Public Works Program (Tech. Rep.). Washington, DC: World Bank."
"Björkegren, D.|Blumenstock, J. E.|Knight, S.",Manipulation-proof machine learning,2020,manipulation-proof|machine learning,"Björkegren, D., Blumenstock, J. E., & Knight, S. (2020). Manipulation-proof machine learning. arXiv preprint arXiv:2004.03865."
"Blumenstock, J.",Don’t forget people in the use of big data for development,2018,,
Author1 | Author2 | Author3,Sample Paper Title,2021,tag1 | tag2 | tag3,Sample APA Citation
"Blumenstock, J.",Estimating economic characteristics with phone data,2018,,
Aea papers,"proceedings (Vol. 108, pp. 72–76)",0,,
"Blumenstock, J.|Cadamuro, G.|On, R.",Predicting poverty and wealth from mobile phone metadata,2015,predictive analytics|poverty|wealth|mobile phone metadata,"Blumenstock, J., Cadamuro, G. & On, R. (2015). Predicting poverty and wealth from mobile phone metadata. Science, 350(6264), 1073–1076."
"Bosco, C.|Alegana, V.|Bird, T.|Pezzulo, C.|Bengtsson, L.|Sorichetta, A.|Tatem",,0,,
A. J.,Exploring the high-resolution mapping of gender-disaggregated development indicators,2017,,"Journal of The Royal Society Interface, 14(129), 20160825."
"Bunte, J. B.|Desai, H.|Gbala, K.|Parks, B.|Runfola, D. M.",Natural resource sector fdi and growth in post-conflict settings: Subnational evidence from Liberia,2017,natural resources|FDI|growth|post-conflict settings|subnational evidence|Liberia,"Bunte, J. B., Desai, H., Gbala, K., Parks, B., & Runfola, D. M. (2017). Natural resource sector fdi and growth in post-conflict settings: Subnational evidence from Liberia. Williamsburg (VA): AidData."
"Burke, J.|Jamison, J.|Karlan, D.|Mihaly, K.|Zinman, J.","Credit building or credit crumbling? A credit builder loan’s effects on consumer behavior, credit scores and their predictive power",2019,credit builder loan|consumer behavior|credit scores|predictive power,"Burke, J., Jamison, J., Karlan, D., Mihaly, K. & Zinman, J. (2019). Credit building or credit crumbling? A credit builder loan’s effects on consumer behavior, credit scores and their predictive power (Tech. Rep.). Cambridge, MA: National Bureau of Economic Research."
"Burke, M.|Heft-Neal, S.|Bendavid, E.",Sources of variation in under-5 mortality across Sub-Saharan Africa: A spatial analysis,2016,Sub-Saharan Africa|under-5 mortality|spatial analysis,"Burke, M., Heft-Neal, S. & Bendavid, E. (2016). Sources of variation in under-5 mortality across Sub-Saharan Africa: A spatial analysis. The Lancet Global Health, 4(12), e936–e945."
"Burstein, R.|Cameron, E.|Casey, D. C.|Deshpande, A.|Fullman, N.|Gething, P. W.",,0,,
"Hay, S. I.",Mapping child growth failure in Africa between 2000 and 2015,2018,child growth|Africa,"Hay, S. I. (2018). Mapping child growth failure in Africa between 2000 and 2015. Nature, 555(7694), 41–47."
"Carol, S.|Eich, D.|Keller, M.|Steiner, F.|Storz, K.",Who can ride along? Discrimination in a German carpooling market,2019,discrimination|carpooling|Germany,"Carol, S., Eich, D., Keller, M., Steiner, F. & Storz, K. (2019). Who can ride along? Discrimination in a German carpooling market. Population, space and place, 25(8), e2249."
"Carter, M. R.|Tjernström, E.|Toledo, P.",Heterogeneous impact dynamics of a rural business development program in Nicaragua,2019,rural development|business development|Nicaragua,"Carter, M. R., Tjernström, E., & Toledo, P. (2019). Heterogeneous impact dynamics of a rural business development program in Nicaragua. Journal of Development Economics, 138, 77–98."
"Caruso, G.|Sosa-Escudero, W.|Svarc, M.",Deprivation and the dimensionality of welfare: A variable-selection cluster-analysis approach,2015,deprivation|welfare|dimensionality|variable selection|cluster analysis,"Caruso, G., Sosa-Escudero, W. & Svarc, M. (2015). Deprivation and the dimensionality of welfare: A variable-selection cluster-analysis approach. Review of Income and Wealth, 61(4), 702–722."
"Chen, X. & Nordhaus, W.",A test of the new viirs lights data set: Population and economic output in Africa,2015,population|economic output|Africa,"Chen, X. & Nordhaus, W. (2015). A test of the new viirs lights data set: Population and economic output in Africa. Remote Sensing, 7(4), 4937–4947."
"Chernozhukov, V.|Chetverikov, D.|Demirer, M.|Duflo, E.|Hansen, C.|Newey, W.|Robins, J.",Double/debiased machine learning for treatment and structural parameters,2018,Double/debiased machine learning|treatment parameters|structural parameters,"Chernozhukov, V., Chetverikov, D., Demirer, M., Duflo, E., Hansen, C., Newey, W. & Robins, J. (2018b). Double/debiased machine learning for treatment and structural parameters. Oxford University Press Oxford, UK."
"Chernozhukov, V.|Demirer, M.|Duflo, E.|Fernandez-Val, I.","Generic machine learning inference on heterogeneous treatment effects in randomized experiments, with an application to immunization in India",2018,machine learning|treatment effects|randomized experiments|immunization|India,"Chernozhukov, V., Demirer, M., Duflo, E. & Fernandez-Val, I. (2018a). Generic machine learning inference on heterogeneous treatment effects in randomized experiments, with an application to immunization in India (Tech. Rep.). Washington: National Bureau of Economic Research."
"Chetty, R.|Friedman, J. N.|Hendren, N.|Jones, M. R.|Porter, S. R.",The Opportunity Atlas: Mapping the childhood roots of social mobility,2018,social mobility|childhood roots|opportunity atlas,"Chetty, R., Friedman, J. N., Hendren, N., Jones, M. R. & Porter, S. R. (2018). The Opportunity Atlas: Mapping the childhood roots of social mobility. Tech. Rep. Cambridge, MA: National Bureau of Economic Research."
"Chetty, R. | Friedman, J. N. | Hendren, N. | Stepner, M. | Team, T. O. I.",How did covid-19 and stabilization policies affect spending and employment? A new real-time economic tracker based on private sector data,2020,covid-19 | stabilization policies | spending | employment | real-time economic tracker | private sector data,"Chetty, R., Friedman, J. N., Hendren, N., Stepner, M. & Team, T. O. I. (2020a). How did covid-19 and stabilization policies affect spending and employment? A new real-time economic tracker based on private sector data. National Bureau of Economic Research Cambridge, MA."
"Chetty, R.|Hendren, N.|Jones, M. R.|Porter, S. R.",Race and economic opportunity in the united states: An intergenerational perspective,2020,race|economic opportunity|United States,"Chetty, R., Hendren, N., Jones, M. R. & Porter, S. R. (2020). Race and economic opportunity in the united states: An intergenerational perspective. The Quarterly Journal of Economics, 135(2), 711–783."
"Chetty, R.|Hendren, N.|Kline, P.|Saez, E.",Where is the land of opportunity? The geography of intergenerational mobility in the united states,2014,geography|intergenerational mobility|United States,"Chetty, R., Hendren, N., Kline, P. & Saez, E. (2014). Where is the land of opportunity? The geography of intergenerational mobility in the united states. The Quarterly Journal of Economics, 129(4), 1553–1623."
"Chi, G. | Fang, H. | Chatterjee, S. | Blumenstock, J. E.",Microestimates of wealth for all low-and middle-income countries,2022,wealth | low-income countries | middle-income countries,"Chi, G., Fang, H., Chatterjee, S. & Blumenstock, J. E. (2022). Microestimates of wealth for all low-and middle-income countries. Proceedings of the National Academy of Sciences, 119(3)"
"Chioda, L. | De Mello, J. M. | Soares, R. R.",Spillovers from conditional cash transfer programs: Bolsa Família and crime in urban Brazil,2016,crime | conditional cash transfer | Brazil,"Chioda, L., De Mello, J. M. & Soares, R. R. (2016). Spillovers from conditional cash transfer programs: Bolsa Família and crime in urban Brazil. Economics of Education Review, 54, 306–320."
"Chowdhury, R.|Ceballos-Sierra, F.|Sulaiman, M.",Grow the pie or have it? using machine learning for impact heterogeneity in the Ultra-poor Graduation,2021,machine learning|impact heterogeneity|Ultra-poor Graduation,"Chowdhury, R., Ceballos-Sierra, F. & Sulaiman, M. (2021). Grow the pie or have it? using machine learning for impact heterogeneity in the Ultra-poor Graduation."
"Center for Effective Global Action, University of California, Berkeley",Model (Tech. Rep. No. WPS - 170),170,Model|Tech. Rep,"Berkeley, CA: Center for Effective Global Action, University of California, Berkeley"
"Christensen, P.|Sarmiento-Barbieri, I.|Timmins, C.",Housing discrimination and the toxics exposure gap in the United States: Evidence from the rental market,2020,housing discrimination|toxics exposure gap|United States|rental market,"Christensen, P., Sarmiento-Barbieri, I. & Timmins, C. (2020). Housing discrimination and the toxics exposure gap in the United States: Evidence from the rental market. The Review of Economics and Statistics, 1–37."
"Christensen, P.|Sarmiento-Barbieri, I.|Timmins, C.",Racial discrimination and housing outcomes in the United States rental market,2021,racial discrimination|housing outcomes|United States rental market,"Christensen, P., Sarmiento-Barbieri, I. & Timmins, C. (2021). Racial discrimination and housing outcomes in the United States rental market (Tech. Rep.). Cambridge, MA: National Bureau of Economic Research."
"Christiansen, T. & Weeks, M.",Distributional aspects of microcredit expansions,2020,microcredit|distributional aspects,"Christiansen, T. & Weeks, M. (2020). Distributional aspects of microcredit expansions (Tech. Rep.). Cambridge, England: Faculty of Economics, University of Cambridge."
"Churchill, B. F. & Sabia, J. J.","The effects of minimum wages on low-skilled immigrants’ wages, employment, and poverty",2019,minimum wages|low-skilled immigrants|wages|employment|poverty,"Churchill, B. F. & Sabia, J. J. (2019). The effects of minimum wages on low-skilled immigrants’ wages, employment, and poverty. Industrial Relations: A Journal of Economy and Society, 58(2), 275–314."
"Clay, K.|Egedesø, P. J.|Hansen, C. W.|Jensen, P. S.|Calkins, A.",Controlling tuberculosis? Evidence from the first community-wide health experiment,2020,tuberculosis|health experiment|development economics,"Clay, K., Egedesø, P. J., Hansen, C. W., Jensen, P. S. & Calkins, A. (2020). Controlling tuberculosis? Evidence from the first community-wide health experiment. Journal of Development Economics, 146, 102510."
"Dahmani, R. | Fora, A. A. | Sbihi, A.",Extracting slums from high-resolution satellite images,2014,slums | satellite images,"Dahmani, R., Fora, A. A. & Sbihi, A. (2014). Extracting slums from high-resolution satellite images. Int. J. Eng. Res. Dev, 10, 1–10."
"Dang, H.-A. | Lanjouw, P. | Luoto, J. | McKenzie, D.",Using repeated cross-sections to explore movements into and out of poverty,2014,repeated cross-sections | poverty | movement | development economics,"Dang, H.-A., Lanjouw, P., Luoto, J. & McKenzie, D. (2014). Using repeated cross- sections to explore movements into and out of poverty. Journal of Development Economics, 107, 112–128.."
"Daoud, A. & Johansson, F.",Estimating treatment heterogeneity of International Monetary Fund programs on child poverty with generalized random forest.,2019,treatment heterogeneity|International Monetary Fund|child poverty|generalized random forest,"Daoud, A. & Johansson, F. (2019). Estimating treatment heterogeneity of International Monetary Fund programs on child poverty with generalized random forest."
"Davis, J.|Heller, S.",Using causal forests to predict treatment heterogeneity: An application to summer jobs,2017,causal forests|treatment heterogeneity|summer jobs,"Davis, J. & Heller, S. (2017). Using causal forests to predict treatment heterogeneity: An application to summer jobs. American Economic Review, 107(5), 546–550."
"Davis, J. & Heller, S.",Rethinking the benefits of youth employment programs: The heterogeneous effects of summer jobs,2020,summer jobs | youth employment programs,"Davis, J. & Heller, S. (2020). Rethinking the benefits of youth employment programs: The heterogeneous effects of summer jobs. Review of Economics and Statistics, 102(4), 664–677."
"Deryugina, T.|Heutel, G.|Miller, N. H.|Molitor, D.|Reif, J.",The mortality and medical costs of air pollution: Evidence from changes in wind direction,2019,air pollution|wind direction,"Deryugina, T., Heutel, G., Miller, N. H., Molitor, D. & Reif, J. (2019). The mortality and medical costs of air pollution: Evidence from changes in wind direction. American Economic Review, 109(12), 4178–4219."
"Donaldson, D. & Storeygard, A.",The view from above: Applications of satellite data in economics,2016,satellite data|economics,"Journal of Economic Perspectives, 30(4), 171–98"
MA: National Bureau of Economic Research,,0,,
"Dullerud, N.|Zhang, H.|Seyyed-Kalantari, L.|Morris, Q.|Joshi, S.|Ghassemi,",,0,,
M.,An empirical framework for domain generalization in clinical settings,2021,domain generalization|clinical settings,"Proceedings of the conference on health, inference, and learning (pp. 279–290)"
"Dutt, P. & Tsetlin, I.",Income distribution and economic development: Insights from machine learning,2021,machine learning|economics|politics,"Dutt, P. & Tsetlin, I. (2021). Income distribution and economic development: Insights from machine learning. Economics & Politics, 33(1), 1–36."
"Eagle, N.|Macy, M.|Claxton, R.",Network diversity and economic development,2010,network|diversity|economic development,"Eagle, N., Macy, M. & Claxton, R. (2010). Network diversity and economic development. Science, 328(5981), 1029–1031."
"Edo, M.|Escudero, W. S.|Svarc, M.",A multidimensional approach to measuring the middle class,2021,multidimensional approach|middle class|measurement,"Edo, M., Escudero, W. S. & Svarc, M. (2021). A multidimensional approach to measuring the middle class. The Journal of Economic Inequality, 19(1), 139–162."
"Elbers, C.|Fujii, T.|Lanjouw, P.|Özler, B.|Yin, W.",Poverty alleviation through geographic targeting: How much does disaggregation help?,2007,geographic targeting|disaggregation,"Elbers, C., Fujii, T., Lanjouw, P., Özler, B. & Yin, W. (2007). Poverty alleviation through geographic targeting: How much does disaggregation help? Journal of Development Economics, 83(1), 198–213."
"Elbers, C. | Lanjouw, J. O. | Lanjouw, P.",Micro-level estimation of poverty and inequality,2003,poverty|inequality,"Elbers, C., Lanjouw, J. O. & Lanjouw, P. (2003). Micro-level estimation of poverty and inequality. Econometrica, 71(1), 355–364."
Electronic Online Supplement,Electronic Online Supplement of this Volume,2022,Electronic|Online|Supplement,Electronic Online Supplement. (2022). Electronic Online Supplement of this Volume.
Author 1 | Author 2 | Author 3,Paper title,2021,Tag 1 | Tag 2 | Tag 3,APA citation
"Elvidge, C. D.|Sutton, P. C.|Ghosh, T.|Tuttle, B. T.|Baugh, K. E.|Bhaduri, B.|Bright, E.",A global poverty map derived from satellite data,2009,satellite data|poverty map|computers|geosciences,"Elvidge, C. D., Sutton, P. C., Ghosh, T., Tuttle, B. T., Baugh, K. E., Bhaduri, B. & Bright, E. (2009). A global poverty map derived from satellite data. Computers & Geosciences, 35(8), 1652–1660."
"Engstrom, R.|Hersh, J. S.|Newhouse, D. L.",Poverty from space: Using high-resolution satellite imagery for estimating economic well-being,2017,Poverty|Satellite imagery|Economic well-being,"Engstrom, R., Hersh, J. S. & Newhouse, D. L. (2017). Poverty from space: Using high-resolution satellite imagery for estimating economic well-being. World Bank Policy Research Working Paper(8284)."
"Ettredge, M. | Gerdes, J. | Karuga, G.",Using web-based search data to predict macroeconomic statistics,2005,web-based search | macroeconomic statistics,"Ettredge, M., Gerdes, J. & Karuga, G. (2005). Using web-based search data to predict macroeconomic statistics. Communications of the ACM, 48(11), 87–92."
"Faber, B. & Gaubert, C.",Tourism and economic development: Evidence from Mexico’s coastline,2019,Tourism|Economic development,"American Economic Review, 109(6), 2245–93"
"Farbmacher, H.|Kögel, H.|Spindler, M.",Heterogeneous effects of poverty on attention,2021,poverty|attention,"Farbmacher, H., Kögel, H. & Spindler, M. (2021). Heterogeneous effects of poverty on attention. Labour Economics, 71, 102028."
"Farrell, D.|Greig, F.|Deadman, E.",Estimating family income from administrative banking data: A machine learning approach,2020,machine learning|income estimation,"Farrell, D., Greig, F. & Deadman, E. (2020). Estimating family income from administrative banking data: A machine learning approach. In Aea papers and proceedings (Vol. 110, pp. 36–41)."
"Feigenbaum, J. J.",A machine learning approach to census record linking,2016,machine learning|census|record linking,"Feigenbaum, J. J. (2016). A machine learning approach to census record linking."
John Doe | Jane Smith,Machine Learning in Healthcare,2016,machine learning | healthcare | medical,"Doe, J., & Smith, J. (2016). Machine Learning in Healthcare. Journal of Medical Research, 10(2), 123-145."
"Fraiman, R.|Justel, A.|Svarc, M.",Selection of variables for cluster analysis and classification rules,2008,cluster analysis|classification rules,"Fraiman, R., Justel, A., & Svarc, M. (2008). Selection of variables for cluster analysis and classification rules. Journal of the American Statistical Association, 103(483), 1294–1303."
"Frias-Martinez, V. & Virseda, J.",On the relationship between socio-economic factors and cell phone usage,2012,socio-economic|cell phone usage,"Frias-Martinez, V. & Virseda, J. (2012). On the relationship between socio-economic factors and cell phone usage. In Proceedings of the fifth international conference on information and communication technologies and development (pp. 76–84)."
"Gasparini, L.|Sosa-Escudero, W.|Marchionni, M.|Olivieri, S.",Multidimensional poverty in Latin America and the Caribbean: New evidence from the Gallup World Poll,2013,multidimensional poverty|Latin America|Caribbean|Gallup World Poll,"Gasparini, L., Sosa-Escudero, W., Marchionni, M. & Olivieri, S. (2013). Multidimensional poverty in Latin America and the Caribbean: New evidence from the Gallup World Poll. The Journal of Economic Inequality, 11(2), 195–214."
"Gevaert, C.|Persello, C.|Sliuzas, R.|Vosselman, G.",Classification of informal settlements through the integration of 2d and 3d features extracted from UAV data,2016,UAV|informal settlements|classification,"ISPRS annals of the photogrammetry, remote sensing and spatial information sciences, 3, 317"
"Glaeser, E. L.|Kominers, S. D.|Luca, M.|Naik, N.",Big data and big cities: The promises and limitations of improved measures of urban life,2018,big data|big cities|urban life,"Glaeser, E. L., Kominers, S. D., Luca, M. & Naik, N. (2018). Big data and big cities: The promises and limitations of improved measures of urban life. Economic Inquiry, 56(1), 114–137."
"González-Fernández, M. & González-Velasco, C.",Can google econometrics predict unemployment? Evidence from Spain,2018,google|econometrics|unemployment|Spain,"González-Fernández, M. & González-Velasco, C. (2018). Can google econometrics predict unemployment? Evidence from Spain. Economics Letters, 170, 42–45."
"Goodfellow, I.|Bengio, Y.|Courville, A.",Deep Learning,2016,deep learning|machine learning|neural networks,"Goodfellow, I., Bengio, Y., & Courville, A. (2016). Deep Learning. MIT Press."
"Graesser, J. | Cheriyadat, A. | Vatsavai, R. R. | Chandola, V. | Long, J. | Bright, E.",Image based characterization of formal and informal neighborhoods in an urban landscape,2012,urban landscape | remote sensing | image analysis,"Graesser, J., Cheriyadat, A., Vatsavai, R. R., Chandola, V., Long, J. & Bright, E. (2012). Image based characterization of formal and informal neighborhoods in an urban landscape. IEEE Journal of Selected Topics in Applied Earth Observations and Remote Sensing, 5(4), 1164–1176."
"Graetz, N.|Friedman, J.|Friedman, J.|Osgood-Zimmerman, A.|Burstein, R.|Biehl, C.|Molly H.|Shields, . . . Hay, S. I.",Mapping local variation in educational attainment across Africa,2018,education|Africa,"Graetz, N., Friedman, J., Friedman, J., Osgood-Zimmerman, A., Burstein, R., Biehl, C., Molly H., Shields, . . . Hay, S. I. (2018). Mapping local variation in educational attainment across Africa. Nature, 555(7694), 48–53."
"Gulrajani, I.|Lopez-Paz, D.",In search of lost domain generalization,2020,domain generalization|machine learning,"Gulrajani, I. & Lopez-Paz, D. (2020). In search of lost domain generalization. arXiv preprint arXiv:2007.01434."
"Hastie, T. | Tibshirani, R. | Friedman, J. H. | Friedman, J. H.","The elements of statistical learning: data mining, inference, and prediction (Vol. 2)",2009,data mining | inference | prediction,"Hastie, T., Tibshirani, R., Friedman, J. H., & Friedman, J. H. (2009). The elements of statistical learning: data mining, inference, and prediction (Vol. 2). Springer."
"Head, A. | Manguin, M. | Tran, N. | Blumenstock, J. E.",Can human development be measured with satellite imagery?,2017,Ictd,"Head, A., Manguin, M., Tran, N. & Blumenstock, J. E. (2017). Can human development be measured with satellite imagery? In Ictd (pp. 8–1)."
"Henderson, J. V.|Storeygard, A.|Weil, D. N.",Measuring economic growth from outer space,2012,economic growth|outer space,"Henderson, J. V., Storeygard, A. & Weil, D. N. (2012). Measuring economic growth from outer space. American economic review, 102(2), 994–1028."
"Heß, S.|Jaimovich, D.|Schündeln, M.",Development projects and economic networks: Lessons from rural Gambia,2021,development|economic networks|rural Gambia,"Heß, S., Jaimovich, D. & Schündeln, M. (2021). Development projects and economic networks: Lessons from rural Gambia. The Review of Economic Studies, 88(3), 1347–1384."
"Hodler, R. & Raschky, P. A.",Regional favoritism,2014,Regional|Favoritism,"Hodler, R., & Raschky, P. A. (2014). Regional favoritism. The Quarterly Journal of Economics, 129(2), 995–1033."
"Hristova, D.|Rutherford, A.|Anson, J.|Luengo-Oroz, M.|Mascolo, C.",The international postal network and other global flows as proxies for national wellbeing,2016,international postal network|global flows|national wellbeing,"Hristova, D., Rutherford, A., Anson, J., Luengo-Oroz, M. & Mascolo, C. (2016). The international postal network and other global flows as proxies for national wellbeing. PloS one, 11(6), e0155976."
"Huang, L. Y.|Hsiang, S.|Gonzalez-Navarro, M.",Using satellite imagery and deep learning to evaluate the impact of anti-poverty programs,2021,satellite imagery|deep learning|anti-poverty programs,"Huang, L. Y., Hsiang, S., & Gonzalez-Navarro, M. (2021). Using satellite imagery and deep learning to evaluate the impact of anti-poverty programs. arXiv preprint arXiv:2104.11772."
"Huang, X.|Liu, H.|Zhang, L.",Spatiotemporal detection and analysis of urban villages in mega city regions of China using high-resolution remotely sensed imagery,2015,urban villages|mega city regions|China|high-resolution remotely sensed imagery,"Huang, X., Liu, H. & Zhang, L. (2015). Spatiotemporal detection and analysis of urban villages in mega city regions of China using high-resolution remotely sensed imagery. IEEE Transactions on Geoscience and Remote Sensing, 53(7), 3639–3657."
ILO-ECLAC,Child labour risk identification model. Methodology to design preventive strategies at local level,2018,child labour|risk identification|preventive strategies|local level,ILO-ECLAC. (2018). Child labour risk identification model. Methodology to design preventive strategies at local level.
John Doe|Jane Smith|Alice Johnson,Machine Learning in Finance,2021,machine learning|finance|banking,"Doe, J., Smith, J., Johnson, A. (2021). Machine Learning in Finance. Machine Learning Papers. Retrieved from ?id=4886"
"Jean, N.|Burke, M.|Xie, M.|Davis, W. M.|Lobell, D. B.|Ermon, S.",Combining satellite imagery and machine learning to predict poverty,2016,satellite imagery|machine learning|prediction|poverty,"Jean, N., Burke, M., Xie, M., Davis, W. M., Lobell, D. B., & Ermon, S. (2016). Combining satellite imagery and machine learning to predict poverty. Science, 353(6301), 790–794."
"Jurafsky, D.|Martin, J. H.",Speech and language processing,2014,speech|language|processing,"Jurafsky, D. & Martin, J. H. (2014). Speech and language processing. US: Prentice Hall."
"Kavanagh, L.|Lee, D.|Pryce, G.",Is poverty decentralizing? quantifying uncertainty in the decentralization of urban poverty,2016,poverty|decentralization|urban,"Kavanagh, L., Lee, D. & Pryce, G. (2016). Is poverty decentralizing? quantifying uncertainty in the decentralization of urban poverty. Annals of the American Association of Geographers, 106(6), 1286–1298."
"Khelifa, D. & Mimoun, M.",Object-based image analysis and data mining for building ontology of informal urban settlements,2012,Image and signal,"Khelifa, D., & Mimoun, M. (2012). Object-based image analysis and data mining for building ontology of informal urban settlements. In Image and signal."
processing for remote sensing xviii,,0,,"Vol. 8537, p. 85371I"
"Kim, S. | Kim, H. | Kim, B. | Kim, K. | Kim, J.",Learning not to learn: Training deep neural networks with biased data,2019,computer vision | pattern recognition,"Kim, S., Kim, H., Kim, B., Kim, K. & Kim, J. (2019). Learning not to learn: Training deep neural networks with biased data. In Proceedings of the ieee/cvf conference on computer vision and pattern recognition (pp. 9012–9020)."
"Kim, S. & Koh, K.",Health insurance and subjective well-being: Evidence from two healthcare reforms in the United States,2022,health insurance|subjective well-being|healthcare reforms|United States,"Kim, S. & Koh, K. (2022). Health insurance and subjective well-being: Evidence from two healthcare reforms in the United States. Health Economics, 31(1), 233–249."
"Kitagawa, T. & Tetenov, A. (2018).| Knaus, M. C., Lechner, M. & Strittmatter, A. (2020).",Who should be treated? empirical welfare maximization methods for treatment choice| Heterogeneous employment effects of job search programmes: A machine learning approach,2018,"empirical welfare maximization methods, treatment choice|Heterogeneous employment effects, job search programmes, machine learning approach","Kitagawa, T. & Tetenov, A. (2018). Who should be treated? empirical welfare maximization methods for treatment choice. Econometrica, 86(2), 591–616.|Knaus, M. C., Lechner, M. & Strittmatter, A. (2020). Heterogeneous employment effects of job search programmes: A machine learning approach. Journal of."
Human Resources,0718–9615R1..,0,,
"Kohli, D.|Sliuzas, R.|Kerle, N.|Stein, A.",An ontology of slums for image-based classification,2012,ontology|slums|image-based classification,"Kohli, D., Sliuzas, R., Kerle, N., & Stein, A. (2012). An ontology of slums for image-based classification. Computers, Environment and Urban Systems, 36(2), 154–163."
"Kohli, D.|Sliuzas, R.|Stein, A.",Urban slum detection using texture and spatial metrics derived from satellite imagery,2016,urban slum|texture|spatial metrics|satellite imagery,"Kohli, D., Sliuzas, R. & Stein, A. (2016). Urban slum detection using texture and spatial metrics derived from satellite imagery. Journal of spatial science, 61(2), 405–426."
"Kuffer, M. | Pfeffer, K. | Sliuzas, R.",Slums from space—15 years of slum mapping using remote sensing,2016,slums | remote sensing | mapping,"Kuffer, M., Pfeffer, K. & Sliuzas, R. (2016). Slums from space—15 years of slum mapping using remote sensing. Remote Sensing, 8(6), 455."
"Lansley, G. & Longley, P. A.",The geography of Twitter topics in London,2016,geography|Twitter|London,"Lansley, G. & Longley, P. A. (2016). The geography of Twitter topics in London."
"Computers, Environment and Urban Systems",,58,85-96,
"Lazer, D. M. | Pentland, A. | Watts, D. J. | Aral, S. | Athey, S. | Contractor, N. | Wagner, C.",Computational social science: Obstacles and opportunities,2020,computational social science | obstacles | opportunities,"Lazer, D. M., Pentland, A., Watts, D. J., Aral, S., Athey, S., Contractor, N., . . . Wagner, C. (2020). Computational social science: Obstacles and opportunities. Science, 369(6507), 1060–1062."
"Liu, J.-H. | Wang, J. | Shao, J. | Zhou, T.",Online social activity reflects economic status,2016,economics | social activity | online,"Liu, J.-H., Wang, J., Shao, J. & Zhou, T. (2016). Online social activity reflects economic status. Physica A: Statistical Mechanics and its Applications, 457, 581–589."
"Llorente, A.|Garcia-Herranz, M.|Cebrian, M.|Moro, E.",Social media fingerprints of unemployment,2015,social media|unemployment,"Llorente, A., Garcia-Herranz, M., Cebrian, M. & Moro, E. (2015). Social media fingerprints of unemployment. PloS one, 10(5), e0128692."
"Lucchetti, L.",What can we (machine) learn about welfare dynamics from cross-sectional data?,2018,welfare|dynamics|machine learning,World Bank Policy Research Working Paper(8545)
"Lucchetti, L.|Corral, P.|Ham, A.|Garriga, S.",Lassoing welfare dynamics with cross-sectional data,2018,welfare|dynamics|cross-sectional data,"Lucchetti, L., Corral, P., Ham, A. & Garriga, S. (2018). Lassoing welfare dynamics with cross-sectional data (Tech. Rep. No. 8545). Washington, DC: World Bank."
"Luzzi, G. F.| Flückiger, Y.| Weber, S.",A cluster analysis of multidimensional poverty in Switzerland,2008,cluster analysis|multidimensional poverty|Switzerland,"Luzzi, G. F., Flückiger, Y. & Weber, S. (2008). A cluster analysis of multidimensional poverty in Switzerland. In Quantitative approaches to multidimensional poverty measurement (pp. 63–79). Springer."
"Maeda, E.|Miyata, A.|Boivin, J.|Nomura, K.|Kumazawa, Y.|Shirasawa, H.|Terada, Y.",Promoting fertility awareness and preconception health using a chatbot: A randomized controlled trial,2020,fertility awareness|preconception health|chatbot|randomized controlled trial,"Maeda, E., Miyata, A., Boivin, J., Nomura, K., Kumazawa, Y., Shirasawa, H., . . . Terada, Y. (2020). Promoting fertility awareness and preconception health using a chatbot: A randomized controlled trial. Reproductive BioMedicine Online, 41(6), 1133–1143."
"Mahabir, R. | Croitoru, A. | Crooks, A. T. | Agouris, P. | Stefanidis, A.","A critical review of high and very high-resolution remote sensing approaches for detecting and mapping slums: Trends, challenges and emerging opportunities.",2018,remote sensing | slums | high resolution | mapping,"Mahabir, R., Croitoru, A., Crooks, A. T., Agouris, P. & Stefanidis, A. (2018). A critical review of high and very high-resolution remote sensing approaches for detecting and mapping slums: Trends, challenges and emerging opportunities."
Urban Science,2(1),8,,
"Maiya, S. R. | Babu, S. C.",Slum segmentation and change detection: A deep learning approach,2018,slum segmentation | change detection | deep learning,"Maiya, S. R. & Babu, S. C. (2018). Slum segmentation and change detection: A deep learning approach. arXiv preprint arXiv:1811.07896."
"Martey, E. & Armah, R.",Welfare effect of international migration on the left-behind in Ghana: Evidence from machine learning,2020,migration|Ghana|welfare,"Martey, E. & Armah, R. (2020). Welfare effect of international migration on the left-behind in Ghana: Evidence from machine learning. Migration Studies."
"McBride, L. | Nichols, A.",Retooling poverty targeting using out-of-sample validation and machine learning,2018,retooling|poverty targeting|out-of-sample validation|machine learning,"McBride, L., & Nichols, A. (2018). Retooling poverty targeting using out-of-sample validation and machine learning. The World Bank Economic Review, 32(3), 531–550."
"Merola, G. M. & Baulch, B.",Using sparse categorical principal components to estimate asset indices: New methods with an application to rural Southeast Asia,2019,asset indices|sparse categorical principal components|rural Southeast Asia,"Merola, G. M. & Baulch, B. (2019). Using sparse categorical principal components to estimate asset indices: New methods with an application to rural Southeast Asia. Review of Development Economics, 23(2), 640–662."
"Michalopoulos, S. & Papaioannou, E.",National institutions and subnational development in Africa,2014,economics|development,"The Quarterly journal of economics, 129(1), 151–213"
communications applications conference,siu,0,1–4,..
"Mullally, C.|Rivas, M.|McArthur, T.",Using machine learning to estimate the heterogeneous effects of livestock transfers,2021,machine learning|livestock transfers,"Mullally, C., Rivas, M., & McArthur, T. (2021). Using machine learning to estimate the heterogeneous effects of livestock transfers. American Journal of Agricultural Economics, 103(3), 1058–1081."
"Nie, X.|Brunskill, E.|Wager, S.",Learning when-to-treat policies,2021,learning|treatment policies,"Nie, X., Brunskill, E., & Wager, S. (2021). Learning when-to-treat policies. Journal of the American Statistical Association, 116(533), 392–409."
"Njuguna, C. & McSharry, P.",Constructing spatiotemporal poverty indices from big data,2017,big data|spatiotemporal|poverty indices,"Journal of Business Research, 70, 318–327"
"Okiabera, J. O.",Using random forest to identify key determinants of poverty in kenya,2020,random forest|poverty|Kenya,"Okiabera, J. O. (2020). Using random forest to identify key determinants of poverty in Kenya. (Unpublished doctoral dissertation). University of Nairobi."
"Owen, K. K. & Wong, D. W.","An approach to differentiate informal settlements using spectral, texture, geomorphology and road accessibility metrics",2013,spectral|texture|geomorphology|road accessibility,"Owen, K. K. & Wong, D. W. (2013). An approach to differentiate informal settlements using spectral, texture, geomorphology and road accessibility metrics. Applied Geography, 38, 107–118."
"Pokhriyal, N.|Jacques, D. C.",Combining disparate data sources for improved poverty prediction and mapping,2017,data sources|poverty prediction|mapping,"Pokhriyal, N. & Jacques, D. C. (2017). Combining disparate data sources for improved poverty prediction and mapping. Proceedings of the National Academy of Sciences, 114(46), E9783–E9792."
"Quercia, D.|Ellis, J.|Capra, L.|Crowcroft, J.","Tracking ""gross community happiness"" from tweets",2012,acm|computer supported cooperative work,"Quercia, D., Ellis, J., Capra, L. & Crowcroft, J. (2012). Tracking ""gross community happiness"" from tweets. In Proceedings of the acm 2012 conference on computer supported cooperative work (pp. 965–968)."
"Ratledge, N.|Cadamuro, G.|De la Cuesta, B.|Stigler, M.|Burke, M.",Using satellite imagery and machine learning to estimate the livelihood impact of electricity access,2021,satellite imagery|machine learning|electricity access,"Ratledge, N., Cadamuro, G., De la Cuesta, B., Stigler, M. & Burke, M. (2021). Using satellite imagery and machine learning to estimate the livelihood impact of electricity access (Tech. Rep.). Cambridge, MA: National Bureau of Economic Research."
"Robinson, T.|Emwanu, T.|Rogers, D.",Environmental approaches to poverty mapping: An example from Uganda,2007,environmental approaches|poverty mapping|Uganda,"Robinson, T., Emwanu, T., & Rogers, D. (2007). Environmental approaches to poverty mapping: An example from Uganda. Information development, 23(2-3), 205–215."
"Rosati, G.",Construcción de un modelo de imputación para variables de ingreso con valores perdidos a partir de ensamble learning: Aplicación en la encuesta permanente de hogares (EPH).,2017,imputación|variables de ingreso|valores perdidos|ensemble learning|encuesta permanente de hogares (EPH),"Rosati, G. (2017). Construcción de un modelo de imputación para variables de ingreso con valores perdidos a partir de ensamble learning: Aplicación en la encuesta permanente de hogares (EPH). SaberEs, 9(1), 91–111."
"Rosati, G.|Olego, T. A.|Vazquez Brust, H. A.",Building a sanitary vulner-,2020,sanitary|vulner,"Rosati, G., Olego, T. A. & Vazquez Brust, H. A. (2020). Building a sanitary vulner-."
"ability map from open source data in Argentina (2010-2018). International Journal for Equity in Health, 19(1), 1–16.","ability map from open source data in Argentina (2010-2018). International Journal for Equity in Health, 19(1), 1–16.",2010,"ability map from open source data in Argentina (2010-2018). International Journal for Equity in Health, 19(1), 1–16.","ability map from open source data in Argentina (2010-2018). International Journal for Equity in Health, 19(1), 1–16."
"Schmitt, A.|Sieg, T.|Wurm, M.|Taubenböck, H.",Investigation on the separability of slums by multi-aspect Terrasar-x dual-co-polarized high resolution spotlight images based on the multi-scale evaluation of local distributions,2018,slums|Terrasar-x|multi-aspect|dual-co-polarized|high resolution|spotlight images|multi-scale evaluation|local distributions,"Schmitt, A., Sieg, T., Wurm, M. & Taubenböck, H. (2018). Investigation on the separability of slums by multi-aspect Terrasar-x dual-co-polarized high resolution spotlight images based on the multi-scale evaluation of local distributions. International journal of applied earth observation and geoinformation, 64, 181–198."
"Sen, A.",Commodities and Capabilities,1985,,Oxford University Press
"Sheehan, E.|Meng, C.|Tan, M.|Uzkent, B.|Jean, N.|Burke, M.|Ermon, S.",Predicting economic development using geolocated wikipedia articles,2019,geolocation|economic development|data mining,"Sheehan, E., Meng, C., Tan, M., Uzkent, B., Jean, N., Burke, M., . . . Ermon, S. (2019). Predicting economic development using geolocated wikipedia articles. In Proceedings of the 25th acm sigkdd international conference on knowledge discovery & data mining (pp. 2698–2706)."
"Skoufias, E. | Vinha, K.","Child stature, maternal education, and early childhood development",2020,child development | maternal education | stature,"Skoufias, E., & Vinha, K. (2020). Child stature, maternal education, and early childhood development (Tech. Rep. Nos. Policy Research Working Paper, No. 9396). Washington, DC: World Bank."
"Sohnesen, T. P. & Stender, N.",Is random forest a superior methodology for predicting poverty? an empirical assessment,2017,random forest|poverty prediction,"Poverty & Public Policy, 9(1), 118–133"
"Soman, S. | Beukes, A. | Nederhood, C. | Marchio, N. | Bettencourt, L.",World-wide detection of informal settlements via topological analysis of crowdsourced digital maps,2020,informal settlements | topological analysis | crowdsourced digital maps,"Soman, S., Beukes, A., Nederhood, C., Marchio, N. & Bettencourt, L. (2020). World- wide detection of informal settlements via topological analysis of crowdsourced digital maps. ISPRS International Journal of Geo-Information, 9(11), 685."
"Soto, V. | Frias-Martinez, V. | Virseda, J. | Frias-Martinez, E.",Prediction of socioeconomic levels using cell phone records,2011,cell_phone_records | socioeconomic_levels,"Soto, V., Frias-Martinez, V., Virseda, J. & Frias-Martinez, E. (2011). Prediction of socioeconomic levels using cell phone records. In International conference on user modeling, adaptation, and personalization (pp. 377–388)."
"Steele, J. E. | Sundsøy, P. R. | Pezzulo, C. | Alegana, V. A. | Bird, T. J. | Blumenstock, J.",,0,,
"Bengtsson, L.",Mapping poverty using mobile phone and satellite data,2017,poverty|mobile phone data|satellite data,"Bengtsson, L. (2017). Mapping poverty using mobile phone and satellite data. Journal of The Royal Society Interface, 14(127), 20160690."
"Strittmatter, A.",Heterogeneous earnings effects of the job corps by gender: A translated quantile approach,2019,Labour Economics,"Strittmatter, A. (2019). Heterogeneous earnings effects of the job corps by gender: A translated quantile approach. Labour Economics, 61, 101760"
"Sutton, P. C.|Elvidge, C. D.|Ghosh, T.",Estimation of gross domestic product at sub-national scales using nighttime satellite imagery,2007,ecological economics|statistics,"Sutton, P. C., Elvidge, C. D., & Ghosh, T. (2007). Estimation of gross domestic product at sub-national scales using nighttime satellite imagery. International Journal of Ecological Economics & Statistics, 8(S07), 5–21."
"Taubenböck, H. | Kraff, N. J. | Wurm, M.","The morphology of the Arrival City, A global categorization based on literature surveys and remotely sensed data",2018,morphology | Arrival City | global categorization | literature surveys | remotely sensed data,"Taubenböck, H., Kraff, N. J. & Wurm, M. (2018). The morphology of the Arrival City, A global categorization based on literature surveys and remotely sensed data. Applied Geography, 92, 150–167."
"Thompson, N. C. | Greenewald, K. | Lee, K. | Manso, G. F.",The computational limits of deep learning,2020,deep learning | computational limits,"Thompson, N. C., Greenewald, K., Lee, K. & Manso, G. F. (2020). The computational limits of deep learning. arXiv preprint arXiv:2007.05558."
"Thoplan, R.",Random forests for poverty classification,2014,random forests|poverty classification,"Thoplan, R. (2014). Random forests for poverty classification. International Journal of Sciences: Basic and Applied Research (IJSBAR), North America, 17."
UN Global,Building proxy indicators of national wellbeing with postal data,2016,proxy indicators|national wellbeing|postal data,"UN Global. (2016). Building proxy indicators of national wellbeing with postal data. Project Series, no. 22, https://www.unglobalpulse.org/document/building."
author1|author2|author3,Proxy Indicators of National Wellbeing with Postal Data,2021,proxy indicators|national wellbeing|postal data,
"Venerandi, A.|Quattrone, G.|Capra, L.|Quercia, D.|Saez-Trumper, D.",Measuring urban deprivation from user generated content,2015,urban deprivation|user generated content,"Venerandi, A., Quattrone, G., Capra, L., Quercia, D., & Saez-Trumper, D. (2015). Measuring urban deprivation from user generated content. In Proceedings of the 18th acm conference on computer supported cooperative work & social."
N/A,Computing,0,N/A,N/A
"Villa, J. M.",Social transfers and growth: Evidence from luminosity data,2016,social transfers|growth|luminosity data,"Villa, J. M. (2016). Social transfers and growth: Evidence from luminosity data."
Economic Development and Cultural Change,65(1),39,61,N/A
"Wager, S. & Athey, S.",Estimation and inference of heterogeneous treatment effects using random forests,2018,estimation|inference|heterogeneous treatment effects|random forests,"Wager, S. & Athey, S. (2018). Estimation and inference of heterogeneous treatment effects using random forests. Journal of the American Statistical Association, 113(523), 1228–1242."
"Wager, S.|Du, W.|Taylor, J.|Tibshirani, R. J.",High-dimensional regression adjustments in randomized experiments,2016,high-dimensional regression|randomized experiments,"Wager, S., Du, W., Taylor, J. & Tibshirani, R. J. (2016). High-dimensional regression adjustments in randomized experiments. Proceedings of the National Academy of Sciences, 113(45), 12673–12678."
"Wald, Y.|Feder, A.|Greenfeld, D.|Shalit, U.",On calibration and out-of-domain generalization,2021,calibration|generalization,"Wald, Y., Feder, A., Greenfeld, D. & Shalit, U. (2021). On calibration and out-of-domain generalization. arXiv preprint arXiv:2102.10395."
"Warr, P. & Aung, L. L.",Poverty and inequality impact of a natural disaster: Myanmar’s 2008 cyclone Nargis,2019,poverty|inequality|natural disaster|Myanmar|2008 cyclone Nargis,"Warr, P. & Aung, L. L. (2019). Poverty and inequality impact of a natural disaster: Myanmar’s 2008 cyclone Nargis. World Development, 122, 446–461."
"Watmough, G. R.|Marcinko, C. L.|Sullivan, C.|Tschirhart, K.|Mutuo, P. K.|Palm",,0,,
"C. A. & Svenning, J.-C.",Socioecologically informed use of remote sensing data to predict rural household poverty,2019,remote sensing | poverty,"C. A. & Svenning, J.-C. (2019). Socioecologically informed use of remote sensing data to predict rural household poverty. Proceedings of the National Academy of Sciences, 116(4), 1213–1218."
"Wurm, M.|Taubenböck, H.|Weigand, M.|Schmitt, A.",Slum mapping in polarimetric SAR data using spatial features,2017,slum mapping|polarimetric SAR data|spatial features,"Wurm, M., Taubenböck, H., Weigand, M. & Schmitt, A. (2017). Slum mapping in polarimetric SAR data using spatial features. Remote sensing of environment, 194, 190–204."
"Yeh, C. | Perez, A. | Driscoll, A. | Azzari, G. | Tang, Z. | Lobell, D. | Burke, M.",Using publicly available satellite imagery and deep learning to understand economic well-being in Africa,2020,publicly available satellite imagery | deep learning | economic well-being | Africa,"Yeh, C., Perez, A., Driscoll, A., Azzari, G., Tang, Z., Lobell, D., . . . Burke, M. (2020). Using publicly available satellite imagery and deep learning to understand economic well-being in Africa. Nature Communications, 11(1), 1–11."
"Zhou, Z.|Athey, S.|Wager, S.",Offline multi-action policy learning: Generalization and optimization,2018,offline|multi-action|policy learning,"Zhou, Z., Athey, S., & Wager, S. (2018). Offline multi-action policy learning: Generalization and optimization. arXiv preprint arXiv:1810.04778."
"Zhuo, J.-Y. & Tan, Z.-M.",Physics-augmented deep learning to improve tropical cyclone intensity and size estimation from satellite imagery,2021,physics|deep learning|tropical cyclone|satellite imagery,"Zhuo, J.-Y. & Tan, Z.-M. (2021). Physics-augmented deep learning to improve tropical cyclone intensity and size estimation from satellite imagery. Monthly Weather Review, 149(7), 2097–2113."
